<?xml version="1.0" encoding="UTF-8"?>
<!--This is a Reload version 2.5.5 SCORM 1.2 Content Package document-->
<!--Spawned from the Reload Content Package Generator - http://www.reload.ac.uk-->
<manifest xmlns="http://www.imsproject.org/xsd/imscp_rootv1p1p2" xmlns:imsmd="http://www.imsglobal.org/xsd/imsmd_rootv1p2p1" xmlns:xsi="http://www.w3.org/2001/XMLSchema-instance" xmlns:adlcp="http://www.adlnet.org/xsd/adlcp_rootv1p2" identifier="MANIFEST-A142EBF752189DFDB3237A4A9039FFD4" xsi:schemaLocation="http://www.imsproject.org/xsd/imscp_rootv1p1p2 imscp_rootv1p1p2.xsd http://www.imsglobal.org/xsd/imsmd_rootv1p2p1 imsmd_rootv1p2p1.xsd http://www.adlnet.org/xsd/adlcp_rootv1p2 adlcp_rootv1p2.xsd">
  <metadata>
    <schema>ADL SCORM</schema>
    <schemaversion>1.2</schemaversion>
    <imsmd:lom>
      <imsmd:general>
        <imsmd:title>
          <imsmd:langstring xml:lang="en">Memorama</imsmd:langstring>
        </imsmd:title>
        <imsmd:language>es</imsmd:language>
        <imsmd:structure>
          <imsmd:source>
            <imsmd:langstring xml:lang="en">LOMv1.0</imsmd:langstring>
          </imsmd:source>
          <imsmd:value>
            <imsmd:langstring xml:lang="en">Atomic</imsmd:langstring>
          </imsmd:value>
        </imsmd:structure>
        <imsmd:aggregationlevel>
          <imsmd:source>
            <imsmd:langstring xml:lang="en">LOMv1.0</imsmd:langstring>
          </imsmd:source>
          <imsmd:value>
            <imsmd:langstring xml:lang="en">1</imsmd:langstring>
          </imsmd:value>
        </imsmd:aggregationlevel>
      </imsmd:general>
      <imsmd:lifecycle>
        <imsmd:version>
          <imsmd:langstring xml:lang="en">1</imsmd:langstring>
        </imsmd:version>
        <imsmd:status>
          <imsmd:source>
            <imsmd:langstring xml:lang="en">LOMv1.0</imsmd:langstring>
          </imsmd:source>
          <imsmd:value>
            <imsmd:langstring xml:lang="en">Final</imsmd:langstring>
          </imsmd:value>
        </imsmd:status>
      </imsmd:lifecycle>
    </imsmd:lom>
  </metadata>
  <organizations default="ORG-B5B78BD29673CBDD0F4BEC1B02150BA8">
    <organization identifier="ORG-B5B78BD29673CBDD0F4BEC1B02150BA8" structure="hierarchical">
      <title>Memorama</title>
      <item identifier="ITEM-BD9AB833653F4F97C56F499EB1659F8F" isvisible="true" identifierref="RES-EF99AB424C4F5602B22FD95935BA1DAB">
        <title>Juego de memoria</title>
      </item>
    </organization>
  </organizations>
  <resources>
    <resource identifier="RES-EF99AB424C4F5602B22FD95935BA1DAB" type="webcontent" href="index.html" adlcp:scormtype="sco">
      <file href="index.html" />
      <file href="css/estilos.css" />
    </resource>
  </resources>
</manifest>

